1/29/2009,3:30:00 PM
1/29/2009,6:55:00 PM
1/29/2009,8:15:00 PM
10/16/2008,4:03:00 PM
10/16/2008,4:50:00 PM
10/16/2008,8:00:00 AM
10/16/2008,8:45:00 AM
10/29/2008,4:33:00 PM
10/29/2008,5:20:00 PM
10/29/2008,6:29:00 PM
10/29/2008,7:12:00 PM
10/30/2008,8:08:00 AM
10/30/2008,9:00:00 AM
11/11/2008,10:21:00 AM
11/11/2008,11:30:00 AM
11/11/2008,1:10:00 PM
11/11/2008,2:50:00 PM
11/11/2008,2:58:00 PM
11/11/2008,4:00:00 PM
11/11/2008,7:38:00 AM
11/11/2008,7:50:00 PM
11/11/2008,8:30:00 AM
11/11/2008,8:42:00 PM
11/11/2008,9:28:00 AM
11/12/2008,10:00:00 AM
11/12/2008,10:48:00 AM
11/12/2008,1:53:00 PM
11/12/2008,3:00:00 PM
11/12/2008,3:40:00 PM
11/12/2008,4:13:00 PM
11/12/2008,5:00:00 PM
11/12/2008,5:06:00 PM
11/12/2008,6:00:00 AM
11/12/2008,6:48:00 PM
11/12/2008,8:20:00 AM
11/12/2008,9:08:00 AM
11/13/2008,10:50:00 AM
11/13/2008,11:50:00 AM
11/13/2008,12:28:00 PM
11/13/2008,12:30:00 PM
11/13/2008,2:00:00 PM
11/13/2008,5:37:00 PM
11/13/2008,6:25:00 PM
11/13/2008,6:30:00 PM
11/13/2008,6:48:00 AM
11/13/2008,7:22:00 PM
11/13/2008,7:40:00 AM
11/13/2008,8:10:00 PM
11/13/2008,8:42:00 PM
11/15/2008,10:10:00 AM
11/15/2008,10:20:00 AM
11/15/2008,10:40:00 AM
11/15/2008,11:30:00 AM
11/15/2008,11:50:00 AM
11/15/2008,1:00:00 PM
11/15/2008,1:51:00 PM
11/15/2008,3:00:00 PM
11/15/2008,3:50:00 PM
11/15/2008,4:28:00 PM
11/15/2008,5:31:00 PM
11/15/2008,7:45:00 AM
11/15/2008,8:30:00 AM
11/15/2008,8:35:00 AM
11/15/2008,9:00:00 AM
11/15/2008,9:30:00 AM
11/15/2008,9:50:00 AM
11/17/2008,11:05:00 AM
11/17/2008,12:55:00 PM
11/17/2008,4:46:00 PM
11/18/2008,10:02:00 PM
11/18/2008,10:10:00 AM
11/18/2008,10:40:00 AM
11/18/2008,11:20:00 AM
11/18/2008,11:35:00 AM
11/18/2008,12:10:00 PM
11/18/2008,3:06:00 PM
11/18/2008,3:45:00 PM
11/18/2008,4:00:00 PM
11/18/2008,4:08:00 PM
11/18/2008,4:55:00 PM
11/18/2008,6:20:00 AM
11/18/2008,6:25:00 PM
11/18/2008,7:10:00 PM
11/18/2008,7:23:00 PM
11/18/2008,7:29:00 AM
11/18/2008,7:50:00 AM
11/18/2008,7:50:00 PM
11/18/2008,8:10:00 AM
11/18/2008,8:22:00 PM
11/18/2008,8:35:00 AM
11/18/2008,9:02:00 AM
11/18/2008,9:10:00 PM
11/18/2008,9:24:00 AM
11/18/2008,9:45:00 AM
11/18/2008,9:49:00 AM
11/19/2008,10:28:00 AM
11/19/2008,11:20:00 AM
11/19/2008,1:00:00 PM
11/19/2008,5:38:00 PM
11/19/2008,6:02:00 PM
11/19/2008,6:38:00 AM
11/19/2008,7:29:00 AM
11/19/2008,8:28:00 AM
11/19/2008,9:40:00 AM
11/20/2008,10:10:00 AM
11/20/2008,10:40:00 AM
11/20/2008,11:41:00 AM
11/20/2008,12:10:00 PM
11/20/2008,2:13:00 PM
11/20/2008,3:10:00 PM
11/20/2008,3:13:00 PM
11/20/2008,4:10:00 PM
11/20/2008,5:00:00 PM
11/20/2008,5:58:00 PM
11/20/2008,6:58:00 AM
11/20/2008,7:57:00 AM
11/20/2008,8:38:00 AM
11/20/2008,9:21:00 AM
11/20/2008,9:48:00 AM
11/21/2008,10:00:00 AM
11/21/2008,10:15:00 AM
11/21/2008,10:50:00 AM
11/21/2008,11:05:00 AM
11/21/2008,11:10:00 AM
11/21/2008,11:47:00 AM
11/21/2008,12:13:00 PM
11/21/2008,12:20:00 PM
11/21/2008,12:30:00 PM
11/21/2008,12:50:00 PM
11/21/2008,1:10:00 PM
11/21/2008,1:20:00 PM
11/21/2008,1:46:00 PM
11/21/2008,2:00:00 PM
11/21/2008,2:12:00 PM
11/21/2008,2:50:00 PM
11/21/2008,3:00:00 PM
11/21/2008,3:20:00 PM
11/21/2008,3:50:00 PM
11/21/2008,3:52:00 PM
11/21/2008,4:20:00 PM
11/21/2008,4:34:00 PM
11/21/2008,8:15:00 AM
11/21/2008,8:50:00 AM
11/21/2008,9:40:00 AM
11/21/2008,9:45:00 AM
11/23/2008,8:15:00 PM
11/24/2008,12:00:00 PM
11/24/2008,4:36:00 PM
11/24/2008,5:13:00 PM
11/24/2008,6:05:00 PM
11/24/2008,6:55:00 PM
11/24/2008,8:00:00 AM
11/24/2008,8:02:00 PM
11/24/2008,8:48:00 AM
11/24/2008,9:15:00 AM
11/24/2008,9:22:00 PM
11/25/2008,10:40:00 AM
11/25/2008,2:28:00 PM
11/25/2008,3:15:00 PM
11/25/2008,3:20:00 PM
11/25/2008,6:30:00 AM
11/25/2008,7:00:00 AM
11/25/2008,7:30:00 PM
11/25/2008,7:57:00 AM
11/25/2008,8:38:00 AM
11/25/2008,8:50:00 PM
11/4/2008,2:40:00 PM
11/4/2008,3:33:00 PM
11/4/2008,4:30:00 PM
11/4/2008,5:22:00 PM
11/5/2008,10:12:00 PM
11/5/2008,3:30:00 PM
11/5/2008,4:23:00 PM
11/5/2008,6:07:00 PM
11/5/2008,6:49:00 PM
11/5/2008,7:46:00 PM
11/5/2008,8:49:00 PM
11/6/2008,11:08:00 AM
11/6/2008,11:53:00 AM
11/6/2008,12:00:00 PM
11/6/2008,12:40:00 PM
11/6/2008,12:53:00 PM
11/6/2008,1:33:00 PM
11/6/2008,1:40:00 PM
11/6/2008,2:20:00 PM
11/6/2008,5:40:00 AM
11/6/2008,6:30:00 AM
11/6/2008,7:18:00 AM
11/6/2008,8:10:00 AM
12/1/2008,9:10:00 PM
12/2/2008,12:20:00 PM
12/2/2008,1:10:00 PM
12/2/2008,3:04:00 PM
12/2/2008,3:45:00 PM
12/2/2008,5:30:00 PM
12/2/2008,6:50:00 AM
12/2/2008,7:30:00 AM
12/2/2008,7:50:00 PM
12/2/2008,9:10:00 PM
12/3/2008,10:48:00 AM
12/3/2008,11:40:00 AM
12/3/2008,12:28:00 PM
12/3/2008,1:20:00 PM
12/3/2008,1:25:00 PM
12/3/2008,5:52:00 PM
12/3/2008,6:15:00 PM
12/3/2008,6:48:00 PM
12/3/2008,7:08:00 AM
12/3/2008,7:50:00 PM
12/3/2008,8:00:00 AM
12/4/2008,10:00:00 AM
12/4/2008,3:38:00 PM
12/4/2008,4:40:00 PM
12/4/2008,7:51:00 AM
12/4/2008,8:20:00 AM
12/4/2008,8:47:00 AM
12/4/2008,9:08:00 AM
12/4/2008,9:12:00 PM
12/5/2008,10:30:00 AM
12/5/2008,10:45:00 AM
12/5/2008,11:20:00 AM
12/5/2008,12:05:00 PM
12/5/2008,12:10:00 PM
12/5/2008,12:30:00 PM
12/5/2008,12:40:00 PM
12/5/2008,1:25:00 PM
12/5/2008,1:31:00 PM
12/5/2008,1:50:00 PM
12/5/2008,2:20:00 PM
12/5/2008,2:45:00 PM
12/5/2008,3:10:00 PM
12/5/2008,3:40:00 PM
12/5/2008,4:10:00 PM
12/5/2008,4:40:00 PM
12/5/2008,4:50:00 PM
12/5/2008,5:05:00 PM
12/5/2008,5:20:00 PM
12/5/2008,5:30:00 PM
12/5/2008,5:45:00 PM
12/5/2008,6:10:00 PM
12/5/2008,6:21:00 PM
12/5/2008,6:25:00 PM
12/5/2008,6:32:00 PM
12/5/2008,7:00:00 PM
12/5/2008,7:22:00 PM
12/5/2008,7:42:00 PM
12/5/2008,8:00:00 AM
12/5/2008,8:00:00 PM
12/5/2008,8:40:00 PM
12/5/2008,9:03:00 PM
12/5/2008,9:10:00 AM
12/5/2008,9:40:00 AM
12/5/2008,9:42:00 PM
12/7/2008,3:40:00 PM
12/8/2008,10:50:00 AM
12/8/2008,1:40:00 PM
12/8/2008,1:50:00 PM
12/8/2008,2:20:00 PM
12/8/2008,2:30:00 PM
12/8/2008,2:40:00 PM
12/8/2008,3:30:00 PM
12/8/2008,3:48:00 PM
12/8/2008,4:10:00 PM
12/8/2008,4:25:00 PM
12/8/2008,4:38:00 PM
12/8/2008,4:40:00 PM
12/8/2008,5:28:00 PM
12/8/2008,6:07:00 PM
12/8/2008,8:50:00 PM
12/8/2008,9:40:00 AM
2/1/2009,7:48:00 AM
2/10/2009,10:10:00 AM
2/10/2009,10:30:00 AM
2/10/2009,10:36:00 AM
2/10/2009,10:40:00 AM
2/10/2009,11:20:00 AM
2/10/2009,11:24:00 AM
2/10/2009,11:30:00 AM
2/10/2009,11:40:00 AM
2/10/2009,12:30:00 PM
2/10/2009,12:40:00 PM
2/10/2009,1:00:00 PM
2/10/2009,2:40:00 PM
2/10/2009,3:00:00 PM
2/10/2009,4:32:00 PM
2/10/2009,4:36:00 PM
2/10/2009,5:24:00 PM
2/10/2009,6:05:00 PM
2/10/2009,7:05:00 PM
2/10/2009,7:12:00 AM
2/10/2009,8:12:00 AM
2/10/2009,8:50:00 AM
2/10/2009,9:00:00 AM
2/10/2009,9:03:00 AM
2/10/2009,9:20:00 AM
2/10/2009,9:31:00 AM
2/10/2009,9:48:00 AM
2/11/2009,10:08:00 AM
2/11/2009,10:10:00 AM
2/11/2009,10:12:00 AM
2/11/2009,10:40:00 AM
2/11/2009,11:00:00 AM
2/11/2009,11:12:00 AM
2/11/2009,11:21:00 AM
2/11/2009,11:35:00 AM
2/11/2009,11:48:00 AM
2/11/2009,11:50:00 AM
2/11/2009,12:05:00 PM
2/11/2009,12:12:00 PM
2/11/2009,12:36:00 PM
2/11/2009,12:53:00 PM
2/11/2009,12:55:00 PM
2/11/2009,1:24:00 PM
2/11/2009,2:00:00 PM
2/11/2009,2:12:00 PM
2/11/2009,2:20:00 PM
2/11/2009,2:36:00 PM
2/11/2009,2:58:00 PM
2/11/2009,3:13:00 PM
2/11/2009,3:15:00 PM
2/11/2009,3:24:00 PM
2/11/2009,4:00:00 PM
2/11/2009,4:10:00 PM
2/11/2009,4:15:00 PM
2/11/2009,4:35:00 PM
2/11/2009,4:40:00 PM
2/11/2009,4:53:00 PM
2/11/2009,5:05:00 PM
2/11/2009,5:30:00 PM
2/11/2009,5:35:00 PM
2/11/2009,6:00:00 PM
2/11/2009,6:06:00 PM
2/11/2009,6:12:00 PM
2/11/2009,6:25:00 PM
2/11/2009,6:40:00 PM
2/11/2009,6:50:00 PM
2/11/2009,7:12:00 PM
2/11/2009,7:20:00 PM
2/11/2009,7:24:00 PM
2/11/2009,7:40:00 PM
2/11/2009,7:42:00 PM
2/11/2009,7:48:00 AM
2/11/2009,8:00:00 AM
2/11/2009,8:02:00 PM
2/11/2009,8:17:00 AM
2/11/2009,8:36:00 AM
2/11/2009,8:36:00 PM
2/11/2009,8:37:00 AM
2/11/2009,8:48:00 AM
2/11/2009,8:50:00 AM
2/11/2009,9:00:00 AM
2/11/2009,9:06:00 AM
2/11/2009,9:10:00 AM
2/11/2009,9:17:00 AM
2/11/2009,9:24:00 AM
2/11/2009,9:25:00 AM
2/11/2009,9:48:00 AM
2/12/2009,10:22:00 AM
2/12/2009,11:00:00 AM
2/12/2009,1:00:00 PM
2/12/2009,1:20:00 PM
2/12/2009,3:18:00 PM
2/12/2009,3:24:00 PM
2/12/2009,5:00:00 PM
2/12/2009,5:13:00 PM
2/12/2009,6:20:00 PM
2/12/2009,7:10:00 PM
2/12/2009,8:18:00 PM
2/12/2009,9:00:00 PM
2/12/2009,9:40:00 AM
2/15/2009,10:57:00 AM
2/15/2009,11:45:00 AM
2/15/2009,12:57:00 PM
2/15/2009,1:45:00 PM
2/15/2009,2:57:00 PM
2/15/2009,4:45:00 PM
2/15/2009,5:57:00 PM
2/15/2009,6:50:00 PM
2/15/2009,7:35:00 PM
2/15/2009,9:45:00 AM
2/16/2009,8:07:00 AM
2/18/2009,1:20:00 PM
2/21/2009,9:48:00 AM
2/23/2009,10:36:00 AM
2/23/2009,11:24:00 AM
2/23/2009,12:00:00 PM
2/23/2009,12:12:00 PM
2/23/2009,1:00:00 PM
2/23/2009,1:48:00 PM
2/23/2009,2:30:00 PM
2/23/2009,7:48:00 AM
2/23/2009,8:12:00 AM
2/23/2009,8:42:00 PM
2/23/2009,9:00:00 AM
2/23/2009,9:48:00 AM
2/24/2009,10:00:00 AM
2/24/2009,10:20:00 AM
2/24/2009,11:03:00 AM
2/24/2009,11:04:00 AM
2/24/2009,11:08:00 AM
2/24/2009,11:10:00 AM
2/24/2009,12:00:00 PM
2/24/2009,12:04:00 PM
2/24/2009,1:13:00 PM
2/24/2009,1:45:00 PM
2/24/2009,2:12:00 PM
2/24/2009,2:43:00 PM
2/24/2009,3:00:00 PM
2/24/2009,3:06:00 PM
2/24/2009,3:24:00 PM
2/24/2009,3:48:00 PM
2/24/2009,3:50:00 PM
2/24/2009,4:00:00 PM
2/24/2009,4:10:00 PM
2/24/2009,4:12:00 PM
2/24/2009,4:36:00 PM
2/24/2009,4:40:00 PM
2/24/2009,5:00:00 PM
2/24/2009,5:05:00 PM
2/24/2009,5:24:00 PM
2/24/2009,5:31:00 PM
2/24/2009,5:48:00 PM
2/24/2009,6:12:00 PM
2/24/2009,6:25:00 PM
2/24/2009,6:29:00 PM
2/24/2009,6:35:00 PM
2/24/2009,6:36:00 PM
2/24/2009,7:00:00 AM
2/24/2009,7:02:00 PM
2/24/2009,7:05:00 AM
2/24/2009,7:20:00 AM
2/24/2009,7:22:00 PM
2/24/2009,7:24:00 PM
2/24/2009,7:42:00 PM
2/24/2009,7:50:00 PM
2/24/2009,7:52:00 AM
2/24/2009,8:05:00 AM
2/24/2009,8:12:00 PM
2/24/2009,8:18:00 AM
2/24/2009,8:40:00 AM
2/24/2009,8:52:00 AM
2/24/2009,9:00:00 PM
2/24/2009,9:10:00 AM
2/24/2009,9:30:00 AM
2/25/2009,10:12:00 AM
2/25/2009,11:00:00 AM
2/25/2009,11:28:00 AM
2/25/2009,11:48:00 AM
2/25/2009,12:00:00 PM
2/25/2009,12:20:00 PM
2/25/2009,12:36:00 PM
2/25/2009,12:50:00 PM
2/25/2009,1:20:00 PM
2/25/2009,1:23:00 PM
2/25/2009,1:24:00 PM
2/25/2009,1:30:00 PM
2/25/2009,1:40:00 PM
2/25/2009,2:12:00 PM
2/25/2009,2:13:00 PM
2/25/2009,2:20:00 PM
2/25/2009,2:28:00 PM
2/25/2009,2:30:00 PM
2/25/2009,2:36:00 PM
2/25/2009,2:40:00 PM
2/25/2009,3:10:00 PM
2/25/2009,3:20:00 PM
2/25/2009,3:24:00 PM
2/25/2009,3:30:00 PM
2/25/2009,3:33:00 PM
2/25/2009,3:45:00 PM
2/25/2009,3:50:00 PM
2/25/2009,4:00:00 PM
2/25/2009,4:12:00 PM
2/25/2009,4:18:00 PM
2/25/2009,4:19:00 PM
2/25/2009,4:30:00 PM
2/25/2009,4:34:00 PM
2/25/2009,4:48:00 PM
2/25/2009,4:49:00 PM
2/25/2009,4:50:00 PM
2/25/2009,5:05:00 PM
2/25/2009,5:10:00 PM
2/25/2009,5:24:00 PM
2/25/2009,5:25:00 PM
2/25/2009,5:37:00 PM
2/25/2009,5:45:00 PM
2/25/2009,5:48:00 PM
2/25/2009,6:10:00 PM
2/25/2009,6:12:00 PM
2/25/2009,6:30:00 PM
2/25/2009,6:36:00 PM
2/25/2009,6:41:00 PM
2/25/2009,6:47:00 PM
2/25/2009,7:00:00 AM
2/25/2009,7:12:00 PM
2/25/2009,7:24:00 PM
2/25/2009,7:30:00 PM
2/25/2009,7:48:00 PM
2/25/2009,8:00:00 AM
2/25/2009,8:08:00 PM
2/25/2009,9:00:00 PM
2/25/2009,9:25:00 AM
2/26/2009,10:05:00 AM
2/26/2009,10:15:00 AM
2/26/2009,10:20:00 AM
2/26/2009,10:30:00 AM
2/26/2009,11:28:00 AM
2/26/2009,11:30:00 AM
2/26/2009,11:48:00 AM
2/26/2009,12:23:00 PM
2/26/2009,12:30:00 PM
2/26/2009,12:40:00 PM
2/26/2009,1:00:00 PM
2/26/2009,1:24:00 PM
2/26/2009,1:25:00 PM
2/26/2009,1:30:00 PM
2/26/2009,1:52:00 PM
2/26/2009,2:00:00 PM
2/26/2009,2:15:00 PM
2/26/2009,2:20:00 PM
2/26/2009,2:45:00 PM
2/26/2009,2:46:00 PM
2/26/2009,2:51:00 PM
2/26/2009,3:00:00 PM
2/26/2009,3:24:00 PM
2/26/2009,3:25:00 PM
2/26/2009,3:40:00 PM
2/26/2009,3:48:00 PM
2/26/2009,3:50:00 PM
2/26/2009,3:51:00 PM
2/26/2009,4:00:00 PM
2/26/2009,4:15:00 PM
2/26/2009,4:20:00 PM
2/26/2009,5:00:00 PM
2/26/2009,5:04:00 PM
2/26/2009,5:06:00 PM
2/26/2009,5:49:00 PM
2/26/2009,6:05:00 PM
2/26/2009,6:07:00 PM
2/26/2009,6:25:00 PM
2/26/2009,6:36:00 PM
2/26/2009,7:20:00 AM
2/26/2009,7:24:00 PM
2/26/2009,7:38:00 AM
2/26/2009,7:40:00 AM
2/26/2009,7:49:00 PM
2/26/2009,7:50:00 AM
2/26/2009,8:00:00 AM
2/26/2009,8:18:00 AM
2/26/2009,8:30:00 AM
2/26/2009,8:35:00 AM
2/26/2009,8:40:00 AM
2/26/2009,9:00:00 AM
2/26/2009,9:28:00 AM
2/26/2009,9:33:00 AM
2/27/2009,10:00:00 AM
2/27/2009,10:10:00 AM
2/27/2009,10:12:00 AM
2/27/2009,10:36:00 AM
2/27/2009,11:00:00 AM
2/27/2009,11:05:00 AM
2/27/2009,11:24:00 AM
2/27/2009,11:35:00 AM
2/27/2009,11:48:00 AM
2/27/2009,12:00:00 PM
2/27/2009,12:12:00 PM
2/27/2009,12:36:00 PM
2/27/2009,1:00:00 PM
2/27/2009,1:20:00 PM
2/27/2009,1:24:00 PM
2/27/2009,1:40:00 PM
2/27/2009,1:48:00 PM
2/27/2009,2:12:00 PM
2/27/2009,2:36:00 PM
2/27/2009,2:40:00 PM
2/27/2009,3:00:00 PM
2/27/2009,3:16:00 PM
2/27/2009,3:24:00 PM
2/27/2009,3:44:00 PM
2/27/2009,3:48:00 PM
2/27/2009,4:12:00 PM
2/27/2009,4:16:00 PM
2/27/2009,4:20:00 PM
2/27/2009,4:35:00 PM
2/27/2009,4:36:00 PM
2/27/2009,4:40:00 PM
2/27/2009,5:00:00 PM
2/27/2009,5:03:00 PM
2/27/2009,5:05:00 PM
2/27/2009,5:30:00 PM
2/27/2009,5:48:00 PM
2/27/2009,6:02:00 PM
2/27/2009,6:25:00 PM
2/27/2009,6:38:00 PM
2/27/2009,6:40:00 PM
2/27/2009,7:03:00 PM
2/27/2009,7:24:00 AM
2/27/2009,8:12:00 AM
2/27/2009,8:36:00 AM
2/27/2009,8:38:00 AM
2/27/2009,8:50:00 AM
2/27/2009,9:00:00 AM
2/27/2009,9:03:00 AM
2/27/2009,9:24:00 AM
2/27/2009,9:45:00 AM
2/27/2009,9:48:00 AM
2/28/2009,10:00:00 AM
2/28/2009,10:12:00 AM
2/28/2009,10:20:00 AM
2/28/2009,10:27:00 AM
2/28/2009,10:36:00 AM
2/28/2009,10:36:00 PM
2/28/2009,10:40:00 AM
2/28/2009,10:48:00 AM
2/28/2009,10:54:00 AM
2/28/2009,11:00:00 AM
2/28/2009,11:10:00 AM
2/28/2009,11:19:00 AM
2/28/2009,11:24:00 AM
2/28/2009,11:27:00 AM
2/28/2009,11:30:00 AM
2/28/2009,11:44:00 AM
2/28/2009,11:48:00 AM
2/28/2009,11:50:00 AM
2/28/2009,12:00:00 PM
2/28/2009,12:02:00 PM
2/28/2009,12:10:00 PM
2/28/2009,12:12:00 PM
2/28/2009,12:13:00 PM
2/28/2009,12:15:00 PM
2/28/2009,12:20:00 PM
2/28/2009,12:27:00 PM
2/28/2009,12:36:00 PM
2/28/2009,12:40:00 PM
2/28/2009,12:45:00 PM
2/28/2009,1:00:00 PM
2/28/2009,1:15:00 PM
2/28/2009,1:20:00 PM
2/28/2009,1:24:00 PM
2/28/2009,1:31:00 PM
2/28/2009,1:40:00 PM
2/28/2009,1:45:00 PM
2/28/2009,1:48:00 PM
2/28/2009,2:00:00 PM
2/28/2009,2:04:00 PM
2/28/2009,2:10:00 PM
2/28/2009,2:12:00 PM
2/28/2009,2:30:00 PM
2/28/2009,2:36:00 PM
2/28/2009,2:41:00 PM
2/28/2009,2:45:00 PM
2/28/2009,2:50:00 PM
2/28/2009,3:00:00 PM
2/28/2009,3:15:00 PM
2/28/2009,3:24:00 PM
2/28/2009,3:25:00 PM
2/28/2009,3:30:00 PM
2/28/2009,3:40:00 PM
2/28/2009,3:48:00 PM
2/28/2009,3:50:00 PM
2/28/2009,3:55:00 PM
2/28/2009,4:00:00 PM
2/28/2009,4:12:00 PM
2/28/2009,4:17:00 PM
2/28/2009,4:30:00 PM
2/28/2009,4:36:00 PM
2/28/2009,4:40:00 PM
2/28/2009,5:00:00 PM
2/28/2009,5:07:00 PM
2/28/2009,5:13:00 PM
2/28/2009,5:24:00 PM
2/28/2009,5:40:00 PM
2/28/2009,5:53:00 PM
2/28/2009,6:12:00 PM
2/28/2009,7:00:00 PM
2/28/2009,7:48:00 AM
2/28/2009,7:48:00 PM
2/28/2009,7:50:00 AM
2/28/2009,8:04:00 AM
2/28/2009,8:12:00 AM
2/28/2009,8:36:00 AM
2/28/2009,8:36:00 PM
2/28/2009,8:45:00 AM
2/28/2009,8:50:00 AM
2/28/2009,9:00:00 AM
2/28/2009,9:10:00 AM
2/28/2009,9:15:00 AM
2/28/2009,9:24:00 AM
2/28/2009,9:30:00 AM
2/28/2009,9:48:00 AM
2/28/2009,9:54:00 AM
2/4/2009,1:30:00 PM
2/4/2009,2:13:00 PM
2/4/2009,2:30:00 PM
2/4/2009,3:00:00 PM
2/4/2009,4:36:00 PM
2/4/2009,9:00:00 PM
2/5/2009,10:36:00 AM
2/5/2009,11:05:00 AM
2/5/2009,12:12:00 PM
2/5/2009,12:30:00 PM
2/5/2009,1:48:00 PM
2/5/2009,1:57:00 PM
2/5/2009,9:45:00 AM
2/6/2009,10:13:00 AM
2/6/2009,10:37:00 AM
2/6/2009,11:00:00 AM
2/6/2009,11:01:00 AM
2/6/2009,11:20:00 AM
2/6/2009,11:24:00 AM
2/6/2009,11:48:00 AM
2/6/2009,11:49:00 AM
2/6/2009,12:12:00 PM
2/6/2009,12:15:00 PM
2/6/2009,12:36:00 PM
2/6/2009,12:37:00 PM
2/6/2009,1:00:00 PM
2/6/2009,1:01:00 PM
2/6/2009,1:24:00 PM
2/6/2009,1:25:00 PM
2/6/2009,1:48:00 PM
2/6/2009,1:49:00 PM
2/6/2009,2:11:00 PM
2/6/2009,2:12:00 PM
2/6/2009,2:22:00 PM
2/6/2009,2:36:00 PM
2/6/2009,2:38:00 PM
2/6/2009,2:45:00 PM
2/6/2009,3:00:00 PM
2/6/2009,3:10:00 PM
2/6/2009,3:24:00 PM
2/6/2009,3:25:00 PM
2/6/2009,3:48:00 PM
2/6/2009,4:12:00 PM
2/6/2009,4:13:00 PM
2/6/2009,4:36:00 PM
2/6/2009,5:00:00 PM
2/6/2009,5:51:00 PM
2/6/2009,6:10:00 PM
2/6/2009,6:36:00 PM
2/6/2009,7:20:00 PM
2/6/2009,7:26:00 PM
2/6/2009,7:50:00 AM
2/6/2009,8:01:00 PM
2/6/2009,8:38:00 AM
2/6/2009,9:26:00 AM
2/7/2009,10:00:00 AM
2/7/2009,10:12:00 AM
2/7/2009,10:17:00 AM
2/7/2009,10:27:00 AM
2/7/2009,10:35:00 AM
2/7/2009,10:36:00 AM
2/7/2009,10:48:00 AM
2/7/2009,11:00:00 AM
2/7/2009,11:01:00 AM
2/7/2009,11:15:00 AM
2/7/2009,11:24:00 AM
2/7/2009,11:26:00 AM
2/7/2009,11:27:00 AM
2/7/2009,11:30:00 AM
2/7/2009,11:47:00 AM
2/7/2009,11:48:00 AM
2/7/2009,11:57:00 AM
2/7/2009,12:00:00 PM
2/7/2009,12:12:00 PM
2/7/2009,12:15:00 PM
2/7/2009,12:30:00 PM
2/7/2009,12:36:00 PM
2/7/2009,12:45:00 PM
2/7/2009,1:00:00 PM
2/7/2009,1:01:00 PM
2/7/2009,1:24:00 PM
2/7/2009,1:27:00 PM
2/7/2009,1:48:00 PM
2/7/2009,1:50:00 PM
2/7/2009,1:57:00 PM
2/7/2009,2:00:00 PM
2/7/2009,2:12:00 PM
2/7/2009,2:20:00 PM
2/7/2009,2:36:00 PM
2/7/2009,2:37:00 PM
2/7/2009,2:45:00 PM
2/7/2009,3:00:00 PM
2/7/2009,3:15:00 PM
2/7/2009,3:24:00 PM
2/7/2009,3:44:00 PM
2/7/2009,3:48:00 PM
2/7/2009,4:00:00 PM
2/7/2009,4:12:00 PM
2/7/2009,4:15:00 PM
2/7/2009,4:35:00 PM
2/7/2009,5:00:00 PM
2/7/2009,5:04:00 PM
2/7/2009,5:24:00 PM
2/7/2009,5:30:00 PM
2/7/2009,5:49:00 PM
2/7/2009,7:00:00 PM
2/7/2009,7:09:00 PM
2/7/2009,8:12:00 AM
2/7/2009,8:27:00 AM
2/7/2009,8:36:00 PM
2/7/2009,8:37:00 AM
2/7/2009,9:00:00 AM
2/7/2009,9:02:00 AM
2/7/2009,9:15:00 AM
2/7/2009,9:24:00 AM
2/7/2009,9:29:00 AM
2/7/2009,9:48:00 AM
2/7/2009,9:49:00 AM
2/8/2009,11:15:00 AM
2/8/2009,12:03:00 PM
2/8/2009,12:12:00 PM
2/8/2009,1:12:00 PM
2/8/2009,1:13:00 PM
2/8/2009,1:15:00 PM
2/8/2009,2:03:00 PM
2/8/2009,2:12:00 PM
2/8/2009,2:20:00 PM
2/8/2009,3:00:00 PM
2/8/2009,3:12:00 PM
2/8/2009,3:15:00 PM
2/8/2009,4:36:00 PM
2/8/2009,5:48:00 PM
2/8/2009,6:12:00 PM
2/8/2009,6:36:00 PM
2/8/2009,7:28:00 PM
2/8/2009,8:03:00 PM
2/8/2009,8:12:00 PM
2/8/2009,9:00:00 PM
2/8/2009,9:24:00 PM
2/9/2009,10:10:00 AM
2/9/2009,10:12:00 AM
2/9/2009,10:13:00 AM
2/9/2009,10:36:00 AM
2/9/2009,11:00:00 AM
2/9/2009,11:24:00 AM
2/9/2009,11:30:00 AM
2/9/2009,11:48:00 AM
2/9/2009,12:10:00 PM
2/9/2009,12:12:00 PM
2/9/2009,12:30:00 PM
2/9/2009,12:38:00 PM
2/9/2009,1:00:00 PM
2/9/2009,1:01:00 PM
2/9/2009,1:24:00 PM
2/9/2009,1:30:00 PM
2/9/2009,1:48:00 PM
2/9/2009,1:50:00 PM
2/9/2009,1:54:00 PM
2/9/2009,2:36:00 PM
2/9/2009,2:58:00 PM
2/9/2009,3:02:00 PM
2/9/2009,3:10:00 PM
2/9/2009,3:24:00 PM
2/9/2009,3:30:00 PM
2/9/2009,3:48:00 PM
2/9/2009,4:03:00 PM
2/9/2009,4:14:00 PM
2/9/2009,5:00:00 PM
2/9/2009,5:49:00 PM
2/9/2009,7:00:00 PM
2/9/2009,7:24:00 AM
2/9/2009,8:12:00 AM
2/9/2009,8:20:00 AM
2/9/2009,8:36:00 AM
2/9/2009,9:00:00 AM
2/9/2009,9:24:00 AM
2/9/2009,9:48:00 AM
2/9/2009,9:52:00 AM
3/1/2009,10:00:00 AM
3/1/2009,10:16:00 AM
3/1/2009,10:30:00 AM
3/1/2009,10:42:00 AM
3/1/2009,11:00:00 AM
3/1/2009,11:12:00 AM
3/1/2009,11:30:00 AM
3/1/2009,11:42:00 AM
3/1/2009,12:01:00 PM
3/1/2009,12:15:00 PM
3/1/2009,12:30:00 PM
3/1/2009,12:42:00 PM
3/1/2009,1:12:00 PM
3/1/2009,1:30:00 PM
3/1/2009,1:42:00 PM
3/1/2009,2:01:00 PM
3/1/2009,2:30:00 PM
3/1/2009,2:45:00 PM
3/1/2009,3:12:00 PM
3/1/2009,3:30:00 PM
3/1/2009,3:42:00 PM
3/1/2009,4:00:00 PM
3/1/2009,4:12:00 PM
3/1/2009,4:15:00 PM
3/1/2009,4:28:00 PM
3/1/2009,4:30:00 PM
3/1/2009,4:47:00 PM
3/1/2009,5:14:00 PM
3/1/2009,5:30:00 PM
3/1/2009,5:40:00 PM
3/1/2009,8:12:00 AM
3/1/2009,8:45:00 AM
3/1/2009,9:00:00 AM
3/1/2009,9:12:00 AM
3/1/2009,9:30:00 AM
3/1/2009,9:42:00 AM
3/10/2009,10:00:00 AM
3/10/2009,2:12:00 PM
3/10/2009,2:36:00 PM
3/10/2009,3:06:00 PM
3/10/2009,3:42:00 PM
3/10/2009,4:10:00 PM
3/10/2009,4:20:00 PM
3/10/2009,5:10:00 PM
3/10/2009,6:58:00 AM
3/10/2009,7:19:00 PM
3/10/2009,7:48:00 PM
3/10/2009,7:50:00 AM
3/10/2009,8:00:00 AM
3/10/2009,9:00:00 AM
3/10/2009,9:50:00 AM
3/11/2009,10:28:00 AM
3/11/2009,2:13:00 PM
3/11/2009,4:23:00 PM
3/11/2009,4:40:00 PM
3/11/2009,5:10:00 PM
3/11/2009,5:24:00 PM
3/11/2009,6:12:00 PM
3/11/2009,6:20:00 PM
3/11/2009,6:41:00 PM
3/11/2009,6:48:00 PM
3/11/2009,6:50:00 AM
3/11/2009,7:00:00 AM
3/11/2009,7:00:00 PM
3/11/2009,7:10:00 AM
3/11/2009,7:18:00 AM
3/11/2009,7:19:00 PM
3/11/2009,7:20:00 PM
3/11/2009,7:24:00 PM
3/11/2009,7:35:00 AM
3/11/2009,7:40:00 AM
3/11/2009,7:48:00 PM
3/11/2009,8:00:00 AM
3/11/2009,8:00:00 PM
3/11/2009,8:08:00 AM
3/11/2009,8:12:00 PM
3/11/2009,8:18:00 PM
3/11/2009,8:19:00 PM
3/11/2009,8:24:00 PM
3/11/2009,8:50:00 AM
3/11/2009,9:00:00 PM
3/11/2009,9:20:00 AM
3/12/2009,12:40:00 PM
3/12/2009,5:30:00 PM
3/12/2009,5:53:00 PM
3/12/2009,6:43:00 PM
3/12/2009,6:49:00 PM
3/12/2009,7:12:00 PM
3/12/2009,7:28:00 AM
3/12/2009,8:19:00 PM
3/12/2009,8:39:00 AM
3/12/2009,9:12:00 PM
3/13/2009,10:30:00 AM
3/13/2009,10:41:00 AM
3/13/2009,10:55:00 AM
3/13/2009,12:55:00 PM
3/13/2009,2:00:00 PM
3/13/2009,2:40:00 PM
3/13/2009,3:31:00 PM
3/13/2009,4:10:00 PM
3/13/2009,4:50:00 PM
3/13/2009,5:14:00 PM
3/13/2009,5:24:00 PM
3/13/2009,5:48:00 PM
3/13/2009,5:50:00 PM
3/13/2009,6:00:00 PM
3/13/2009,6:12:00 PM
3/13/2009,6:16:00 PM
3/13/2009,6:26:00 PM
3/13/2009,6:36:00 PM
3/13/2009,6:40:00 PM
3/13/2009,6:42:00 PM
3/13/2009,6:55:00 PM
3/13/2009,7:00:00 PM
3/13/2009,7:02:00 PM
3/13/2009,7:10:00 AM
3/13/2009,7:20:00 PM
3/13/2009,7:22:00 PM
3/13/2009,7:25:00 AM
3/13/2009,7:29:00 PM
3/13/2009,7:44:00 PM
3/13/2009,7:48:00 AM
3/13/2009,7:48:00 PM
3/13/2009,7:50:00 PM
3/13/2009,8:12:00 AM
3/13/2009,8:18:00 PM
3/13/2009,8:20:00 PM
3/13/2009,8:22:00 PM
3/13/2009,8:36:00 PM
3/13/2009,8:42:00 PM
3/13/2009,8:45:00 AM
3/13/2009,9:10:00 AM
3/13/2009,9:10:00 PM
3/13/2009,9:20:00 AM
3/13/2009,9:22:00 PM
3/14/2009,10:00:00 AM
3/14/2009,10:05:00 AM
3/14/2009,10:17:00 AM
3/14/2009,10:30:00 AM
3/14/2009,10:40:00 AM
3/14/2009,10:52:00 AM
3/14/2009,11:41:00 AM
3/14/2009,11:50:00 AM
3/14/2009,12:00:00 PM
3/14/2009,12:30:00 PM
3/14/2009,12:40:00 PM
3/14/2009,12:57:00 PM
3/14/2009,1:00:00 PM
3/14/2009,2:15:00 PM
3/14/2009,2:20:00 PM
3/14/2009,2:39:00 PM
3/14/2009,3:09:00 PM
3/14/2009,3:27:00 PM
3/14/2009,4:00:00 PM
3/14/2009,4:37:00 PM
3/14/2009,5:07:00 PM
3/14/2009,5:24:00 PM
3/14/2009,5:27:00 PM
3/14/2009,5:35:00 PM
3/14/2009,5:47:00 PM
3/14/2009,6:12:00 PM
3/14/2009,6:36:00 PM
3/14/2009,6:49:00 PM
3/14/2009,6:52:00 PM
3/14/2009,7:00:00 PM
3/14/2009,7:05:00 AM
3/14/2009,7:15:00 PM
3/14/2009,7:19:00 AM
3/14/2009,7:24:00 PM
3/14/2009,7:28:00 PM
3/14/2009,7:33:00 AM
3/14/2009,7:46:00 PM
3/14/2009,7:49:00 PM
3/14/2009,7:52:00 AM
3/14/2009,8:03:00 AM
3/14/2009,8:12:00 PM
3/14/2009,8:36:00 PM
3/14/2009,8:40:00 AM
3/14/2009,8:42:00 AM
3/14/2009,8:51:00 AM
3/14/2009,9:00:00 AM
3/14/2009,9:00:00 PM
3/14/2009,9:04:00 PM
3/14/2009,9:24:00 PM
3/14/2009,9:27:00 AM
3/14/2009,9:30:00 AM
3/14/2009,9:40:00 AM
3/15/2009,10:00:00 AM
3/15/2009,10:13:00 AM
3/15/2009,11:01:00 AM
3/15/2009,4:11:00 PM
3/15/2009,4:30:00 PM
3/15/2009,5:00:00 PM
3/15/2009,5:40:00 PM
3/15/2009,6:36:00 PM
3/15/2009,7:48:00 AM
3/15/2009,8:14:00 AM
3/15/2009,8:30:00 AM
3/15/2009,8:42:00 AM
3/15/2009,9:02:00 AM
3/15/2009,9:12:00 AM
3/18/2009,7:28:00 AM
3/18/2009,8:20:00 AM
3/18/2009,8:26:00 PM
3/18/2009,8:36:00 PM
3/18/2009,8:48:00 PM
3/20/2009,10:12:00 AM
3/20/2009,11:00:00 AM
3/20/2009,5:24:00 PM
3/20/2009,6:12:00 PM
3/20/2009,6:20:00 PM
3/20/2009,6:48:00 PM
3/20/2009,7:20:00 PM
3/20/2009,7:24:00 PM
3/20/2009,7:40:00 PM
3/20/2009,8:00:00 PM
3/20/2009,8:12:00 PM
3/20/2009,8:35:00 PM
3/20/2009,8:36:00 PM
3/20/2009,9:00:00 PM
3/21/2009,10:10:00 AM
3/21/2009,10:30:00 AM
3/21/2009,11:00:00 AM
3/21/2009,11:20:00 AM
3/21/2009,11:40:00 AM
3/21/2009,1:30:00 PM
3/21/2009,1:40:00 PM
3/21/2009,2:20:00 PM
3/21/2009,2:40:00 PM
3/21/2009,3:02:00 PM
3/21/2009,3:10:00 PM
3/21/2009,3:20:00 PM
3/21/2009,3:27:00 PM
3/21/2009,3:30:00 PM
3/21/2009,3:40:00 PM
3/21/2009,4:00:00 PM
3/21/2009,4:10:00 PM
3/21/2009,4:15:00 PM
3/21/2009,4:20:00 PM
3/21/2009,4:27:00 PM
3/21/2009,4:32:00 PM
3/21/2009,4:40:00 PM
3/21/2009,4:57:00 PM
3/21/2009,5:10:00 PM
3/21/2009,5:20:00 PM
3/21/2009,5:30:00 PM
3/21/2009,5:40:00 PM
3/21/2009,5:45:00 PM
3/21/2009,6:20:00 PM
3/21/2009,6:21:00 PM
3/21/2009,6:24:00 PM
3/21/2009,6:27:00 PM
3/21/2009,6:40:00 PM
3/21/2009,6:51:00 PM
3/21/2009,7:19:00 PM
3/21/2009,7:43:00 PM
3/21/2009,8:12:00 PM
3/21/2009,8:21:00 AM
3/21/2009,8:36:00 PM
3/21/2009,8:48:00 PM
3/21/2009,8:57:00 AM
3/21/2009,9:20:00 AM
3/21/2009,9:40:00 AM
3/21/2009,9:47:00 AM
3/22/2009,1:00:00 PM
3/22/2009,2:12:00 PM
3/22/2009,2:20:00 PM
3/22/2009,3:00:00 PM
3/22/2009,3:45:00 PM
3/22/2009,4:10:00 PM
3/22/2009,4:12:00 PM
3/22/2009,6:01:00 PM
3/22/2009,6:25:00 PM
3/22/2009,7:20:00 PM
3/23/2009,3:48:00 PM
3/23/2009,5:28:00 PM
3/23/2009,6:25:00 PM
3/24/2009,4:07:00 PM
3/25/2009,1:25:00 PM
3/25/2009,2:45:00 PM
3/25/2009,3:07:00 PM
3/25/2009,3:50:00 PM
3/25/2009,4:10:00 PM
3/25/2009,4:48:00 PM
3/25/2009,4:55:00 PM
3/25/2009,5:30:00 PM
3/25/2009,7:20:00 PM
3/25/2009,7:45:00 AM
3/25/2009,8:12:00 PM
3/25/2009,8:17:00 AM
3/25/2009,8:20:00 AM
3/25/2009,8:36:00 PM
3/25/2009,9:00:00 AM
3/25/2009,9:02:00 PM
3/26/2009,8:12:00 PM
3/26/2009,9:05:00 PM
3/27/2009,6:00:00 PM
3/27/2009,6:20:00 PM
3/27/2009,6:40:00 PM
3/27/2009,6:53:00 PM
3/27/2009,7:00:00 PM
3/27/2009,7:12:00 PM
3/27/2009,7:20:00 PM
3/27/2009,7:24:00 PM
3/27/2009,7:48:00 PM
3/27/2009,8:12:00 AM
3/27/2009,8:22:00 PM
3/27/2009,8:24:00 PM
3/28/2009,10:36:00 AM
3/28/2009,3:45:00 PM
3/28/2009,4:15:00 PM
3/28/2009,4:27:00 PM
3/28/2009,4:58:00 PM
3/28/2009,5:00:00 PM
3/28/2009,5:15:00 PM
3/28/2009,5:30:00 PM
3/28/2009,6:04:00 PM
3/28/2009,6:50:00 PM
3/28/2009,7:19:00 AM
3/28/2009,7:43:00 PM
3/28/2009,8:36:00 AM
3/28/2009,8:48:00 PM
3/28/2009,9:00:00 AM
3/28/2009,9:24:00 AM
3/28/2009,9:27:00 AM
3/28/2009,9:48:00 AM
3/29/2009,3:07:00 PM
3/29/2009,3:42:00 PM
3/29/2009,3:50:00 PM
3/29/2009,4:50:00 PM
3/29/2009,5:00:00 PM
3/29/2009,5:45:00 PM
3/29/2009,7:27:00 AM
3/29/2009,7:45:00 AM
3/29/2009,8:17:00 AM
3/29/2009,8:30:00 AM
3/29/2009,9:00:00 AM
3/3/2009,4:10:00 PM
3/31/2009,12:40:00 PM
3/31/2009,8:30:00 AM
3/4/2009,2:13:00 PM
3/4/2009,3:00:00 PM
3/4/2009,3:48:00 PM
3/4/2009,4:36:00 PM
3/4/2009,4:37:00 PM
3/4/2009,6:48:00 PM
3/4/2009,7:00:00 PM
3/4/2009,7:35:00 AM
3/4/2009,7:38:00 PM
3/4/2009,7:48:00 PM
3/4/2009,8:12:00 PM
3/4/2009,8:22:00 PM
3/4/2009,8:25:00 PM
3/4/2009,8:36:00 PM
3/4/2009,8:48:00 PM
3/4/2009,9:00:00 PM
3/4/2009,9:10:00 PM
3/5/2009,11:01:00 AM
3/5/2009,11:04:00 AM
3/5/2009,12:04:00 PM
3/5/2009,1:00:00 PM
3/5/2009,2:00:00 PM
3/5/2009,3:53:00 PM
3/5/2009,3:55:00 PM
3/5/2009,4:20:00 PM
3/5/2009,5:00:00 PM
3/5/2009,5:10:00 PM
3/5/2009,5:52:00 PM
3/5/2009,5:56:00 PM
3/5/2009,7:00:00 AM
3/5/2009,7:10:00 AM
3/5/2009,7:30:00 AM
3/5/2009,8:28:00 AM
3/5/2009,8:39:00 PM
3/6/2009,10:36:00 PM
3/6/2009,11:20:00 AM
3/6/2009,11:30:00 AM
3/6/2009,12:20:00 PM
3/6/2009,12:55:00 PM
3/6/2009,1:24:00 PM
3/6/2009,1:30:00 PM
3/6/2009,2:30:00 PM
3/6/2009,3:00:00 PM
3/6/2009,3:48:00 PM
3/6/2009,4:17:00 PM
3/6/2009,4:37:00 PM
3/6/2009,5:24:00 PM
3/6/2009,5:26:00 PM
3/6/2009,5:40:00 PM
3/6/2009,5:48:00 PM
3/6/2009,6:13:00 PM
3/6/2009,6:32:00 PM
3/6/2009,6:36:00 PM
3/6/2009,6:40:00 PM
3/6/2009,6:48:00 PM
3/6/2009,6:55:00 PM
3/6/2009,7:09:00 PM
3/6/2009,7:10:00 AM
3/6/2009,7:12:00 PM
3/6/2009,7:22:00 PM
3/6/2009,7:24:00 PM
3/6/2009,7:40:00 PM
3/6/2009,7:45:00 AM
3/6/2009,7:47:00 PM
3/6/2009,7:48:00 AM
3/6/2009,7:50:00 PM
3/6/2009,8:00:00 PM
3/6/2009,8:12:00 PM
3/6/2009,8:18:00 PM
3/6/2009,8:22:00 PM
3/6/2009,8:30:00 AM
3/6/2009,8:36:00 AM
3/6/2009,8:42:00 PM
3/6/2009,9:00:00 AM
3/6/2009,9:02:00 PM
3/6/2009,9:10:00 PM
3/6/2009,9:24:00 AM
3/6/2009,9:30:00 AM
3/7/2009,10:10:00 AM
3/7/2009,10:21:00 AM
3/7/2009,10:36:00 AM
3/7/2009,11:00:00 AM
3/7/2009,11:10:00 AM
3/7/2009,11:20:00 AM
3/7/2009,11:24:00 AM
3/7/2009,11:40:00 AM
3/7/2009,12:10:00 PM
3/7/2009,12:20:00 PM
3/7/2009,12:29:00 PM
3/7/2009,12:30:00 PM
3/7/2009,12:45:00 PM
3/7/2009,12:50:00 PM
3/7/2009,1:17:00 PM
3/7/2009,1:20:00 PM
3/7/2009,1:22:00 PM
3/7/2009,1:42:00 PM
3/7/2009,1:55:00 PM
3/7/2009,2:00:00 PM
3/7/2009,2:10:00 PM
3/7/2009,2:15:00 PM
3/7/2009,2:28:00 PM
3/7/2009,2:30:00 PM
3/7/2009,3:00:00 PM
3/7/2009,3:20:00 PM
3/7/2009,3:25:00 PM
3/7/2009,3:45:00 PM
3/7/2009,3:58:00 PM
3/7/2009,4:10:00 PM
3/7/2009,4:23:00 PM
3/7/2009,4:36:00 PM
3/7/2009,4:50:00 PM
3/7/2009,5:00:00 PM
3/7/2009,5:25:00 PM
3/7/2009,5:30:00 PM
3/7/2009,5:45:00 PM
3/7/2009,5:50:00 PM
3/7/2009,6:04:00 PM
3/7/2009,6:12:00 PM
3/7/2009,6:20:00 PM
3/7/2009,6:21:00 PM
3/7/2009,6:27:00 PM
3/7/2009,6:36:00 PM
3/7/2009,7:03:00 AM
3/7/2009,7:15:00 PM
3/7/2009,7:19:00 PM
3/7/2009,7:28:00 PM
3/7/2009,7:35:00 AM
3/7/2009,7:48:00 AM
3/7/2009,7:48:00 PM
3/7/2009,7:51:00 AM
3/7/2009,8:12:00 AM
3/7/2009,8:12:00 PM
3/7/2009,8:13:00 PM
3/7/2009,8:25:00 PM
3/7/2009,8:30:00 AM
3/7/2009,8:35:00 PM
3/7/2009,8:36:00 AM
3/7/2009,8:45:00 AM
3/7/2009,9:00:00 AM
3/7/2009,9:00:00 PM
3/7/2009,9:01:00 AM
3/7/2009,9:19:00 PM
3/7/2009,9:20:00 AM
3/7/2009,9:48:00 AM
3/7/2009,9:50:00 AM
3/8/2009,10:30:00 AM
3/8/2009,10:32:00 AM
3/8/2009,10:48:00 AM
3/8/2009,11:30:00 AM
3/8/2009,11:44:00 AM
3/8/2009,1:30:00 PM
3/8/2009,2:42:00 PM
3/8/2009,3:30:00 PM
3/8/2009,4:08:00 PM
3/8/2009,4:40:00 PM
3/8/2009,4:42:00 PM
3/8/2009,5:15:00 PM
3/8/2009,5:25:00 PM
3/8/2009,5:30:00 PM
3/8/2009,5:48:00 PM
3/8/2009,6:45:00 PM
3/8/2009,7:00:00 PM
3/8/2009,7:02:00 PM
3/8/2009,7:48:00 AM
3/8/2009,8:07:00 AM
3/8/2009,8:10:00 PM
3/8/2009,8:30:00 AM
3/8/2009,8:42:00 AM
3/8/2009,9:30:00 AM
3/8/2009,9:43:00 AM
3/9/2009,10:32:00 AM
3/9/2009,11:09:00 AM
3/9/2009,11:48:00 AM
3/9/2009,12:36:00 PM
3/9/2009,1:33:00 PM
3/9/2009,1:48:00 PM
3/9/2009,3:42:00 PM
3/9/2009,5:48:00 PM
3/9/2009,6:30:00 PM
3/9/2009,6:50:00 PM
3/9/2009,7:08:00 AM
3/9/2009,7:10:00 AM
3/9/2009,7:20:00 AM
3/9/2009,7:30:00 AM
3/9/2009,7:40:00 AM
3/9/2009,7:42:00 PM
3/9/2009,7:48:00 PM
3/9/2009,8:10:00 AM
3/9/2009,8:20:00 AM
3/9/2009,8:30:00 AM
3/9/2009,8:30:00 PM
3/9/2009,8:36:00 PM
3/9/2009,8:42:00 PM
3/9/2009,9:10:00 AM
3/9/2009,9:22:00 PM
4/7/2009,4:13:00 PM
